country,year,TOE_HAB
ESP,2025,1.7361507801718479
ESP,2026,1.7523278601366168
ESP,2027,1.7695273057726177
ESP,2028,1.791188840183108
ESP,2029,1.7994633269809892
ESP,2030,1.8051060901388531
ESP,2031,1.810748804466146
ESP,2032,1.8195923139113432
ESP,2033,1.8292208724512724
ESP,2034,1.8388494309912011
